{"left-blog":{"categories-3":{"title":"","count":1,"hierarchical":0,"dropdown":0,"widget_style":"default","adoptions":false,"widget_display":{"display_select":"all","taxonomy-slugs":"","post-type":"","catid":"","postid":""}},"text-12":{"title":"","text":"[BestSale title=\"BEST SELLERS\" number=\"4\" template=\"default\" ]","filter":false,"widget_style":"default","adoptions":false,"widget_display":{"display_select":"all","taxonomy-slugs":"","post-type":"","catid":"","postid":""}},"recent-posts-2":{"title":"Recent Post","number":7,"show_date":false,"widget_style":"default","adoptions":false,"widget_display":{"display_select":"all","taxonomy-slugs":"","post-type":"","catid":"","postid":""}}},"right-blog":{"categories-4":{"title":"","count":1,"hierarchical":0,"dropdown":0,"widget_style":"default","adoptions":false,"widget_display":{"display_select":"all","taxonomy-slugs":"","post-type":"","catid":"","postid":""}},"text-13":{"title":"","text":"[BestSale title=\"BEST SELLERS\" number=\"4\" template=\"default\" ]","filter":false,"widget_style":"default","adoptions":false,"widget_display":{"display_select":"all","taxonomy-slugs":"","post-type":"","catid":"","postid":""}},"recent-posts-3":{"title":"Recent Post","number":7,"show_date":false,"widget_style":"default","adoptions":false,"widget_display":{"display_select":"all","taxonomy-slugs":"","post-type":"","catid":"","postid":""}}},"top":{"woocommerce_currency_converter-2":{"title":"","currency_codes":"USD\nEUR","message":"","show_reset":"","show_symbols":"","currency_display":"","disable_location":false,"widget_style":"pull-right","adoptions":"on","widget_display":{"display_select":"if_no_selected","taxonomy-slugs":"","post-type":"","catid":"","postid":"","checkbox":{"menus":{"primary-menu":{"2677":"on"}}}}},"text-2":{"title":"","text":"<div id=\"lang_sel\">\r\n\t<ul class=\"nav\">\r\n\t\t<li>\r\n\t\t\t<a class=\"lang_sel_sel icl-en\" href=\"#\">\r\n\t\t\t\t<img class=\"iclflag\" title=\"English\" alt=\"en\" src=\"[bloginfo]\/wp-content\/themes\/revo\/assets\/img\/en.png\" width=\"18\" height=\"12\"\/>\r\n\t\t\t\t English\r\n\t\t\t<\/a>\r\n\t\t\t<ul>\r\n\t\t\t\t<li class=\"icl-en\">\r\n\t\t\t\t\t<a href=\"[get_url]&amp;direction=ltr\">\r\n\t\t\t\t\t\t<img class=\"iclflag\" title=\"English\" alt=\"en\" src=\"[bloginfo]\/wp-content\/themes\/revo\/assets\/img\/en.png\" width=\"18\" height=\"12\"\/>\r\n\t\t\t\t\t\t English\r\n\t\t\t\t\t<\/a>\r\n\t\t\t\t<\/li>\r\n\t\t\t\t<li class=\"icl-ar\">\r\n\t\t\t\t\t<a href=\"[get_url]&amp;direction=rtl\">\r\n\t\t\t\t\t\t<img class=\"iclflag\" title=\"Arabic\" alt=\"ar\" src=\"[bloginfo]\/wp-content\/themes\/revo\/assets\/img\/ar.png\" width=\"18\" height=\"12\"\/>\r\n\t\t\t\t\t\tArabic\r\n\t\t\t\t\t<\/a>\r\n\t\t\t\t<\/li>\r\n\t\t\t<\/ul>\r\n\t\t<\/li>\r\n\t<\/ul>\r\n<\/div>","filter":false,"widget_style":"pull-right","adoptions":"on","widget_display":{"display_select":"all","taxonomy-slugs":"","post-type":"","catid":"","postid":""}},"nav_menu-2":{"title":"My Account","nav_menu":8,"widget_style":"pull-right","adoptions":"on","widget_display":{"display_select":"all","taxonomy-slugs":"","post-type":"","catid":"","postid":""}},"sw_top-2":{"title":"","widget_template":"login","widget_style":"pull-right","adoptions":"on","widget_display":{"display_select":"all","taxonomy-slugs":"","post-type":"","catid":"","postid":""}},"text-3":{"title":"","text":"<div class=\"header-message\">\r\nDefault welcome msg!<a href=\"https:\/\/demo.wpthemego.com\/themes\/sw_revo\/demo2\/?page_id=7\"> Join Free<\/a> or <a href=\"https:\/\/demo.wpthemego.com\/themes\/sw_revo\/demo2\/?page_id=7 \">Sign in<\/a>\r\n<\/div>","filter":false,"widget_style":"pull-left","adoptions":"on","widget_display":{"display_select":"if_selected","checkbox":{"users":{"login":"on","logout":"on"},"general":{"archive":"on","category":"on"},"menus":{"primary-menu":{"3947":"on"}}},"taxonomy-slugs":"","post-type":"","catid":"","postid":"9,1021,1412"},"visual":false},"text-17":{"title":"","text":"<div class=\"header-messages\">\r\nCustomer Service: <a href=\"mailto:magentech@services.com\">magentech@services.com<\/a>\r\n<\/div>","filter":false,"widget_style":"pull-left","adoptions":"on","widget_display":{"display_select":"if_selected","checkbox":{"users":{"login":"on","logout":"on"},"menus":{"primary-menu":{"2172":"on"}}},"taxonomy-slugs":"","post-type":"","catid":"","postid":"2170"}},"text-24":{"title":"","text":"<div class=\"block-text-left\">Free 3 day delivery and free returns within the US<\/div>","filter":false,"widget_style":"pull-left","adoptions":"on","widget_display":{"display_select":"if_selected","checkbox":{"users":{"login":"on","logout":"on"},"menus":{"primary-menu":{"3422":"on"}}},"taxonomy-slugs":"","post-type":"","catid":"","postid":"3420"}},"text-25":{"title":"","text":"<div class=\"block-text-left\"><label>Call Us Now: <\/label> 0123-444-666<a href=\"mailto:contact@wpthemego.com\">contact@wpthemego.com<\/a><\/div>","filter":"content","widget_style":"pull-left","adoptions":"on","widget_display":{"display_select":"if_selected","checkbox":{"users":{"login":"on","logout":"on"},"menus":{"primary-menu":{"3570":"on"}}},"taxonomy-slugs":"","post-type":"","catid":"","postid":""}}},"top1":{"nav_menu-5":{"title":"My account","nav_menu":8,"widget_style":"pull-right","adoptions":"on","widget_display":{"display_select":"all","taxonomy-slugs":"","post-type":"","catid":"","postid":""}},"sw_top-7":{"title":"","widget_template":"login","widget_style":"pull-right","adoptions":"on","widget_display":{"display_select":"all","taxonomy-slugs":"","post-type":"","catid":"","postid":""}},"text-6":{"title":"","text":"<div class=\"block-text-right\"><span>Call Us Now:<\/span> 0123-444-666<\/div>","filter":false,"widget_style":"pull-right","adoptions":"on","widget_display":{"display_select":"all","taxonomy-slugs":"","post-type":"","catid":"","postid":""}},"text-7":{"title":"","text":"<div class=\"block-text-left\">Free 3 day delivery and free returns within the US<\/div>","filter":false,"widget_style":"pull-left","adoptions":"on","widget_display":{"display_select":"all","taxonomy-slugs":"","post-type":"","catid":"","postid":""}}},"top2":{"nav_menu-9":{"title":"My account","nav_menu":8,"widget_style":"pull-right","adoptions":"on","widget_display":{"display_select":"all","taxonomy-slugs":"","post-type":"","catid":"","postid":""}},"sw_top-14":{"title":"","widget_template":"login","widget_style":"pull-right","adoptions":"on","widget_display":{"display_select":"all","taxonomy-slugs":"","post-type":"","catid":"","postid":""}},"woocommerce_currency_converter-4":{"title":"","currency_codes":"USD\nEUR","message":"","show_reset":"","show_symbols":"","currency_display":"","disable_location":false,"widget_style":"pull-right","adoptions":"on","widget_display":{"display_select":"all","taxonomy-slugs":"","post-type":"","catid":"","postid":""}},"text-15":{"title":"","text":"<div id=\"lang_sel\">\r\n\t<ul class=\"nav\">\r\n\t\t<li>\r\n\t\t\t<a class=\"lang_sel_sel icl-en\" href=\"#\">\r\n\t\t\t\t<img class=\"iclflag\" title=\"English\" alt=\"en\" src=\"[bloginfo]\/wp-content\/themes\/revo\/assets\/img\/en.png\" width=\"18\" height=\"12\"\/>\r\n\t\t\t\t English\r\n\t\t\t<\/a>\r\n\t\t\t<ul>\r\n\t\t\t\t<li class=\"icl-en\">\r\n\t\t\t\t\t<a href=\"[get_url]&amp;direction=ltr\">\r\n\t\t\t\t\t\t<img class=\"iclflag\" title=\"English\" alt=\"en\" src=\"[bloginfo]\/wp-content\/themes\/revo\/assets\/img\/en.png\" width=\"18\" height=\"12\"\/>\r\n\t\t\t\t\t\t English\r\n\t\t\t\t\t<\/a>\r\n\t\t\t\t<\/li>\r\n\t\t\t\t<li class=\"icl-ar\">\r\n\t\t\t\t\t<a href=\"[get_url]&amp;direction=rtl\">\r\n\t\t\t\t\t\t<img class=\"iclflag\" title=\"Arabic\" alt=\"ar\" src=\"[bloginfo]\/wp-content\/themes\/revo\/assets\/img\/ar.png\" width=\"18\" height=\"12\"\/>\r\n\t\t\t\t\t\tArabic\r\n\t\t\t\t\t<\/a>\r\n\t\t\t\t<\/li>\r\n\t\t\t<\/ul>\r\n\t\t<\/li>\r\n\t<\/ul>\r\n<\/div>","filter":false,"widget_style":"pull-right","adoptions":"on","widget_display":{"display_select":"all","taxonomy-slugs":"","post-type":"","catid":"","postid":""}},"text-19":{"title":"","text":"<div class=\"header-messages\"><i class=\"fa fa-map-marker\">\r\n<\/i> 102580 Santa Monica BLVD Los Angeles\r\n<\/div>","filter":false,"widget_style":"pull-left","adoptions":"on","widget_display":{"display_select":"all","taxonomy-slugs":"","post-type":"","catid":"","postid":""}}},"top9":{"text-20":{"title":"","text":"<div class=\"text-header-top\">Sign up to receive the latest Revo exclusives + 10% off your first order <a title=\"learnmore\" href=\"#\"> Learn more<\/a><span class=\"remove-banner\"><\/span><\/div>","filter":false,"widget_style":"default","adoptions":false,"widget_display":{"display_select":"all","taxonomy-slugs":"","post-type":"","catid":"","postid":""}}},"top10":{"sw_top-17":{"title":"","widget_template":"login","widget_style":"pull-left","adoptions":"on","widget_display":{"display_select":"all","taxonomy-slugs":"","post-type":"","catid":"","postid":""}},"nav_menu-12":{"title":"My Account","nav_menu":8,"widget_style":"pull-left","adoptions":"on","widget_display":{"display_select":"all","taxonomy-slugs":"","post-type":"","catid":"","postid":""}},"text-23":{"title":"","text":"<div class=\"header-message\">Free 3 day delivery and free returns within the US<\/div>","filter":false,"widget_style":"pull-left","adoptions":"on","widget_display":{"display_select":"all","taxonomy-slugs":"","post-type":"","catid":"","postid":""}},"woocommerce_currency_converter-5":{"title":"","currency_codes":"USD\nEUR","message":"","show_reset":"","show_symbols":"","currency_display":"","disable_location":false,"widget_style":"pull-right","adoptions":"on","widget_display":{"display_select":"all","taxonomy-slugs":"","post-type":"","catid":"","postid":""}},"text-21":{"title":"","text":"<div id=\"lang_sel\">\r\n\t<ul class=\"nav\">\r\n\t\t<li>\r\n\t\t\t<a class=\"lang_sel_sel icl-en\" href=\"#\">\r\n\t\t\t\t<img class=\"iclflag\" title=\"English\" alt=\"en\" src=\"[bloginfo]\/wp-content\/themes\/revo\/assets\/img\/en.png\" width=\"18\" height=\"12\"\/>\r\n\t\t\t\t English\r\n\t\t\t<\/a>\r\n\t\t\t<ul>\r\n\t\t\t\t<li class=\"icl-en\">\r\n\t\t\t\t\t<a href=\"[get_url]&amp;direction=ltr\">\r\n\t\t\t\t\t\t<img class=\"iclflag\" title=\"English\" alt=\"en\" src=\"[bloginfo]\/wp-content\/themes\/revo\/assets\/img\/en.png\" width=\"18\" height=\"12\"\/>\r\n\t\t\t\t\t\t English\r\n\t\t\t\t\t<\/a>\r\n\t\t\t\t<\/li>\r\n\t\t\t\t<li class=\"icl-ar\">\r\n\t\t\t\t\t<a href=\"[get_url]&amp;direction=rtl\">\r\n\t\t\t\t\t\t<img class=\"iclflag\" title=\"Arabic\" alt=\"ar\" src=\"[bloginfo]\/wp-content\/themes\/revo\/assets\/img\/ar.png\" width=\"18\" height=\"12\"\/>\r\n\t\t\t\t\t\tArabic\r\n\t\t\t\t\t<\/a>\r\n\t\t\t\t<\/li>\r\n\t\t\t<\/ul>\r\n\t\t<\/li>\r\n\t<\/ul>\r\n<\/div>","filter":false,"widget_style":"language-home10","adoptions":"on","widget_display":{"display_select":"all","taxonomy-slugs":"","post-type":"","catid":"","postid":""}}},"top13":{"woocommerce_currency_converter-7":{"title":"","currency_codes":"USD\nEUR","message":"","show_reset":"","show_symbols":"","currency_display":"","disable_location":false,"widget_style":"pull-left","adoptions":"on","widget_display":{"display_select":"all","taxonomy-slugs":"","post-type":"","catid":"","postid":""}},"custom_html-5":{"title":"","content":"<div id=\"lang_sel\">\r\n\t<ul class=\"nav\">\r\n\t\t<li>\r\n\t\t\t<a class=\"lang_sel_sel icl-en\" href=\"#\">\r\n\t\t\t\t<img class=\"iclflag\" title=\"English\" alt=\"en\" src=\"[bloginfo]\/wp-content\/themes\/revo\/assets\/img\/en.png\" width=\"18\" height=\"12\"\/>\r\n\t\t\t\t English\r\n\t\t\t<\/a>\r\n\t\t\t<ul>\r\n\t\t\t\t<li class=\"icl-en\">\r\n\t\t\t\t\t<a href=\"[get_url]&amp;direction=ltr\">\r\n\t\t\t\t\t\t<img class=\"iclflag\" title=\"English\" alt=\"en\" src=\"[bloginfo]\/wp-content\/themes\/revo\/assets\/img\/en.png\" width=\"18\" height=\"12\"\/>\r\n\t\t\t\t\t\t English\r\n\t\t\t\t\t<\/a>\r\n\t\t\t\t<\/li>\r\n\t\t\t\t<li class=\"icl-ar\">\r\n\t\t\t\t\t<a href=\"[get_url]&amp;direction=rtl\">\r\n\t\t\t\t\t\t<img class=\"iclflag\" title=\"Arabic\" alt=\"ar\" src=\"[bloginfo]\/wp-content\/themes\/revo\/assets\/img\/ar.png\" width=\"18\" height=\"12\"\/>\r\n\t\t\t\t\t\tArabic\r\n\t\t\t\t\t<\/a>\r\n\t\t\t\t<\/li>\r\n\t\t\t<\/ul>\r\n\t\t<\/li>\r\n\t<\/ul>\r\n<\/div>","widget_style":"pull-left","adoptions":"on","widget_display":{"display_select":"all","taxonomy-slugs":"","post-type":"","catid":"","postid":""}},"custom_html-7":{"title":"","content":"<ul class=\"phone-add\">\r\n\t<li><i class=\"fa fa-phone\"><\/i><a href=\"tel:+134 555 666\">+134 555 666<\/a><\/li>\r\n\t<li><i class=\"fa fa-paper-plane\"><\/i><a href=\"mailto:contact@wpthemego.com\">contact@wpthemego.com<\/a><\/li>\r\n<\/ul>","widget_style":"pull-left","adoptions":"on","widget_display":{"display_select":"all","taxonomy-slugs":"","post-type":"","catid":"","postid":""}},"sw_top-22":{"title":"","widget_template":"login","widget_style":"pull-right","adoptions":"on","widget_display":{"display_select":"all","taxonomy-slugs":"","post-type":"","catid":"","postid":""}},"nav_menu-13":{"title":"My Account","nav_menu":8,"widget_style":"pull-right","adoptions":"on","widget_display":{"display_select":"all","taxonomy-slugs":"","post-type":"","catid":"","postid":""}},"custom_html-6":{"title":"","content":"<div class=\"socials-header\">\r\n<ul>\r\n<li><a href=\"https:\/\/www.facebook.com\/wpthemego\" title=\"Face Book\"><span class=\"fa fa-facebook\"><\/span><\/a><\/li>\r\n<li><a href=\"https:\/\/twitter.com\/wpthemego\" title=\"Twitter\"><span class=\"fa fa-twitter\"><\/span><\/a><\/li>\r\n<li><a href=\"https:\/\/www.pinterest.com\/wpthemego\/\" title=\"pinterest\"><span class=\"fa fa-pinterest\"><\/span><\/a><\/li>\r\n<li><a href=\"#\" title=\"Instagram\"><span class=\"fa fa-instagram\"><\/span><\/a><\/li>\r\n<li><a href=\"https:\/\/plus.google.com\/u\/0\/117616422700848151321\" title=\"Google Plus\"><span class=\"fa fa-google-plus\"><\/span><\/a><\/li>\r\n<\/ul>\r\n<\/div>","widget_style":"pull-right","adoptions":"on","widget_display":{"display_select":"all","taxonomy-slugs":"","post-type":"","catid":"","postid":""}}},"top14":{"custom_html-2":{"title":"","content":"<div class=\"socials-header\">\r\n<ul>\r\n<li><a href=\"https:\/\/www.facebook.com\/wpthemego\" title=\"Face Book\"><span class=\"fa fa-facebook\"><\/span><\/a><\/li>\r\n<li><a href=\"https:\/\/twitter.com\/wpthemego\" title=\"Twitter\"><span class=\"fa fa-twitter\"><\/span><\/a><\/li>\r\n<li><a href=\"https:\/\/www.pinterest.com\/wpthemego\/\" title=\"pinterest\"><span class=\"fa fa-pinterest\"><\/span><\/a><\/li>\r\n<li><a href=\"#\" title=\"Instagram\"><span class=\"fa fa-instagram\"><\/span><\/a><\/li>\r\n<li><a href=\"https:\/\/plus.google.com\/u\/0\/117616422700848151321\" title=\"Google Plus\"><span class=\"fa fa-google-plus\"><\/span><\/a><\/li>\r\n<\/ul>\r\n<\/div>","widget_style":"pull-left","adoptions":"on","widget_display":{"display_select":"all","taxonomy-slugs":"","post-type":"","catid":"","postid":""}},"woocommerce_currency_converter-6":{"title":"","currency_codes":"USD\nEUR","message":"","show_reset":"","show_symbols":"","currency_display":"","disable_location":false,"widget_style":"pull-right","adoptions":"on","widget_display":{"display_select":"all","taxonomy-slugs":"","post-type":"","catid":"","postid":""}},"custom_html-3":{"title":"","content":"<div id=\"lang_sel\">\r\n\t<ul class=\"nav\">\r\n\t\t<li>\r\n\t\t\t<a class=\"lang_sel_sel icl-en\" href=\"#\">\r\n\t\t\t\t<img class=\"iclflag\" title=\"English\" alt=\"en\" src=\"[bloginfo]\/wp-content\/themes\/revo\/assets\/img\/en.png\" width=\"18\" height=\"12\"\/>\r\n\t\t\t\t English\r\n\t\t\t<\/a>\r\n\t\t\t<ul>\r\n\t\t\t\t<li class=\"icl-en\">\r\n\t\t\t\t\t<a href=\"[get_url]&amp;direction=ltr\">\r\n\t\t\t\t\t\t<img class=\"iclflag\" title=\"English\" alt=\"en\" src=\"[bloginfo]\/wp-content\/themes\/revo\/assets\/img\/en.png\" width=\"18\" height=\"12\"\/>\r\n\t\t\t\t\t\t English\r\n\t\t\t\t\t<\/a>\r\n\t\t\t\t<\/li>\r\n\t\t\t\t<li class=\"icl-ar\">\r\n\t\t\t\t\t<a href=\"[get_url]&amp;direction=rtl\">\r\n\t\t\t\t\t\t<img class=\"iclflag\" title=\"Arabic\" alt=\"ar\" src=\"[bloginfo]\/wp-content\/themes\/revo\/assets\/img\/ar.png\" width=\"18\" height=\"12\"\/>\r\n\t\t\t\t\t\tArabic\r\n\t\t\t\t\t<\/a>\r\n\t\t\t\t<\/li>\r\n\t\t\t<\/ul>\r\n\t\t<\/li>\r\n\t<\/ul>\r\n<\/div>","widget_style":"pull-right","adoptions":"on","widget_display":{"display_select":"all","taxonomy-slugs":"","post-type":"","catid":"","postid":""}},"sw_top-21":{"title":"","widget_template":"login","widget_style":"pull-right","adoptions":"on","widget_display":{"display_select":"all","taxonomy-slugs":"","post-type":"","catid":"","postid":""}}},"top11":{"text-26":{"title":"","text":"[banner_countdown title='count down to anniversary party' date='2\/7\/2018']","filter":"content","widget_style":"default","adoptions":false,"widget_display":{"display_select":"all","taxonomy-slugs":"","post-type":"","catid":"","postid":""}},"media_image-3":{"attachment_id":3662,"url":"http:\/\/dev.ytcvn.com\/ytc_templates\/wordpress\/sw_revo\/wp-content\/uploads\/2017\/07\/banner-1.jpg","title":"","size":"full","width":1920,"height":60,"caption":"","alt":"","link_type":"none","link_url":"","image_classes":"","link_classes":"","link_rel":"","image_title":"","widget_style":"default","adoptions":false,"widget_display":{"display_select":"all","taxonomy-slugs":"","post-type":"","catid":"","postid":""},"link_target_blank":false}},"contact-us":{"text-4":{"title":"","text":"<div class=\"contact-us\">\r\n\t<span class=\"text\">call us now:<\/span> <span class=\"phone\">0123-444-666<\/span><br\/>\r\n\tEmail:<a href=\"mailto:contact@revo.com\"> contact@revo.com<\/a>\r\n<\/div>","filter":false,"widget_style":"default","adoptions":false,"widget_display":{"display_select":"all","taxonomy-slugs":"","post-type":"","catid":"","postid":""}},"sw_top-18":{"title":"","widget_template":"minicart","widget_style":"pull-right","adoptions":"on","widget_display":{"display_select":"if_selected","checkbox":{"users":{"login":"on","logout":"on"},"menus":{"primary-menu":{"2844":"on"}}},"taxonomy-slugs":"","post-type":"","catid":"","postid":"2842"}}},"mid-header":{"nav_menu-8":{"nav_menu":69,"widget_style":"pull-left","adoptions":"on","widget_display":{"display_select":"all","taxonomy-slugs":"","post-type":"","catid":"","postid":""}},"sw_top-13":{"title":"","widget_template":"minicart","widget_style":"pull-left","adoptions":"on","widget_display":{"display_select":"all","taxonomy-slugs":"","post-type":"","catid":"","postid":""}}},"mid-header2":{"sw_top-20":{"title":"","widget_template":"minicart","widget_style":"default","adoptions":false,"widget_display":{"display_select":"all","taxonomy-slugs":"","post-type":"","catid":"","postid":""}}},"mid-header3":{"text-27":{"title":"","text":"<h3>Trade assurance<\/h3>\r\n<ul>\r\n \t<li>100% Product quality protection<\/li>\r\n \t<li>100% On-time shipment protection<\/li>\r\n \t<li>100% Payment protection<\/li>\r\n<\/ul>","filter":"content","widget_style":"default","adoptions":false,"widget_display":{"display_select":"all","taxonomy-slugs":"","post-type":"","catid":"","postid":""}}},"bottom-header":{"sw_top-6":{"title":"","widget_template":"minicart","widget_style":"pull-right","adoptions":"on","widget_display":{"display_select":"all","taxonomy-slugs":"","post-type":"","catid":"","postid":""}},"nav_menu-4":{"nav_menu":9,"widget_style":"pull-right","adoptions":"on","widget_display":{"display_select":"all","taxonomy-slugs":"","post-type":"","catid":"","postid":""}}},"header-right":{"sw_top-8":{"title":"","widget_template":"minicart","widget_style":"pull-right","adoptions":"on","widget_display":{"display_select":"all","taxonomy-slugs":"","post-type":"","catid":"","postid":""}},"nav_menu-6":{"nav_menu":69,"widget_style":"pull-right","adoptions":"on","widget_display":{"display_select":"all","taxonomy-slugs":"","post-type":"","catid":"","postid":""}}},"header-right4":{"sw_top-9":{"title":"","widget_template":"minicart","widget_style":"pull-right","adoptions":"on","widget_display":{"display_select":"all","taxonomy-slugs":"","post-type":"","catid":"","postid":""}},"nav_menu-7":{"title":"My Account","nav_menu":8,"widget_style":"pull-right","adoptions":"on","widget_display":{"display_select":"all","taxonomy-slugs":"","post-type":"","catid":"","postid":""}},"sw_top-10":{"title":"","widget_template":"login","widget_style":"pull-right","adoptions":"on","widget_display":{"display_select":"all","taxonomy-slugs":"","post-type":"","catid":"","postid":""}}},"header-right6":{"sw_top-12":{"title":"","widget_template":"minicart","widget_style":"pull-right","adoptions":"on","widget_display":{"display_select":"all","taxonomy-slugs":"","post-type":"","catid":"","postid":""}},"text-16":{"title":"","text":"<div class=\"header-right-block\">\r\n\t<div class=\"header-help\"><a href=\"https:\/\/demo.wpthemego.com\/themes\/sw_revo\/demo2\/?page_id=1495\" title=\"help\"><span>Help<\/span><\/a><\/div>\r\n\t<div class=\"menu-confirmation\">\r\n\t\t<div class=\"text-confirmation\"><a href=\"#\"><span>Confirmation<\/span><\/a><\/div>\r\n\t\t<ul>\r\n\t\t\t<li><span>trade assurance<\/span><\/li>\r\n\t\t\t<li><span>100% Product quality protection<\/span><\/li>\t\t\t\r\n\t\t\t<li><span>100% On-time shipment protection<\/span><\/li>\r\n\t\t\t<li><span>100% Payment protection<\/span><\/li>\r\n\t\t<\/ul>\r\n\t<\/div>\r\n<\/div>","filter":false,"widget_style":"default","adoptions":false,"widget_display":{"display_select":"all","taxonomy-slugs":"","post-type":"","catid":"","postid":""}}},"header-right9":{"sw_top-19":{"title":"","widget_template":"minicart","widget_style":"pull-right","adoptions":"on","widget_display":{"display_select":"all","taxonomy-slugs":"","post-type":"","catid":"","postid":""}},"sw_ajax_woocommerce_search-4":{"title":"Ajax Search","show_title":"1","extra_class":"","width_image":"50","height_image":"50","limit":"5","character":"3","show_category":"0","show_image":"1","show_price":"1","ajax_search":"1","widget_template":"default","widget_style":"search-home9","adoptions":"on","widget_display":{"display_select":"all","taxonomy-slugs":"","post-type":"","catid":"","postid":""}},"nav_menu-10":{"title":"My Account","nav_menu":8,"widget_style":"pull-right","adoptions":"on","widget_display":{"display_select":"all","taxonomy-slugs":"","post-type":"","catid":"","postid":""}}},"header-right14":{"custom_html-4":{"title":"","content":"<div class=\"wishlist\"><a href=\"[bloginfo]\/?page_id=8\" title=\"View my Wishlist\"><i class=\"fa fa-heart\"><\/i> My Wishlist<\/a><\/div>","widget_style":"default","adoptions":false,"widget_display":{"display_select":"all","taxonomy-slugs":"","post-type":"","catid":"","postid":""}}},"header-left":{"text-8":{"title":"","text":"<div id=\"lang_sel\">\r\n\t<ul class=\"nav\">\r\n\t\t<li>\r\n\t\t\t<a class=\"lang_sel_sel icl-en\" href=\"#\">\r\n\t\t\t\t<img class=\"iclflag\" title=\"English\" alt=\"en\" src=\"[bloginfo]\/wp-content\/themes\/revo\/assets\/img\/en.png\" width=\"18\" height=\"12\"\/>\r\n\t\t\t\t English\r\n\t\t\t<\/a>\r\n\t\t\t<ul>\r\n\t\t\t\t<li class=\"icl-en\">\r\n\t\t\t\t\t<a href=\"[get_url]&amp;direction=ltr\">\r\n\t\t\t\t\t\t<img class=\"iclflag\" title=\"English\" alt=\"en\" src=\"[bloginfo]\/wp-content\/themes\/revo\/assets\/img\/en.png\" width=\"18\" height=\"12\"\/>\r\n\t\t\t\t\t\t English\r\n\t\t\t\t\t<\/a>\r\n\t\t\t\t<\/li>\r\n\t\t\t\t<li class=\"icl-ar\">\r\n\t\t\t\t\t<a href=\"[get_url]&amp;direction=rtl\">\r\n\t\t\t\t\t\t<img class=\"iclflag\" title=\"Arabic\" alt=\"ar\" src=\"[bloginfo]\/wp-content\/themes\/revo\/assets\/img\/ar.png\" width=\"18\" height=\"12\"\/>\r\n\t\t\t\t\t\tArabic\r\n\t\t\t\t\t<\/a>\r\n\t\t\t\t<\/li>\r\n\t\t\t<\/ul>\r\n\t\t<\/li>\r\n\t<\/ul>\r\n<\/div>","filter":false,"widget_style":"pull-left","adoptions":"on","widget_display":{"display_select":"all","taxonomy-slugs":"","post-type":"","catid":"","postid":""}},"woocommerce_currency_converter-3":{"title":"","currency_codes":"USD\nEUR","message":"","show_reset":"","show_symbols":"","currency_display":"","disable_location":false,"widget_style":"pull-left","adoptions":"on","widget_display":{"display_select":"all","taxonomy-slugs":"","post-type":"","catid":"","postid":""}}},"left-product":{"woocommerce_product_categories-3":{"title":"Categories","orderby":"name","dropdown":0,"count":0,"hierarchical":0,"show_children_only":1,"hide_empty":1,"widget_style":"default","adoptions":false,"widget_display":{"display_select":"all","taxonomy-slugs":"","post-type":"","catid":"","postid":""}},"woocommerce_layered_nav-2":{"title":"Color","attribute":"color","display_type":"list","query_type":"and","widget_style":"default","adoptions":false,"widget_display":{"display_select":"all","taxonomy-slugs":"","post-type":"","catid":"","postid":""}},"woocommerce_layered_nav-3":{"title":"Size","attribute":"size","display_type":"list","query_type":"and","widget_style":"default","adoptions":false,"widget_display":{"display_select":"all","taxonomy-slugs":"","post-type":"","catid":"","postid":""}},"woocommerce_price_filter-2":{"title":"price","widget_style":"default","adoptions":false,"widget_display":{"display_select":"all","taxonomy-slugs":"","post-type":"","catid":"","postid":""}},"text-9":{"title":"","text":"[BestSale title=\"BEST SELLER\" number=\"4\" template=\"default\" ]","filter":"content","widget_style":"default","adoptions":false,"widget_display":{"display_select":"all","taxonomy-slugs":"","post-type":"","catid":"","postid":""}}},"right-product":{"woocommerce_product_categories-4":{"title":"Categories","orderby":"name","dropdown":0,"count":0,"hierarchical":0,"show_children_only":1,"hide_empty":1,"widget_style":"default","adoptions":false,"widget_display":{"display_select":"all","taxonomy-slugs":"","post-type":"","catid":"","postid":""}},"woocommerce_layered_nav-4":{"title":"Color","attribute":"color","display_type":"list","query_type":"and","widget_style":"default","adoptions":false,"widget_display":{"display_select":"all","taxonomy-slugs":"","post-type":"","catid":"","postid":""}},"woocommerce_layered_nav-5":{"title":"Size","attribute":"size","display_type":"list","query_type":"and","widget_style":"default","adoptions":false,"widget_display":{"display_select":"all","taxonomy-slugs":"","post-type":"","catid":"","postid":""}},"woocommerce_price_filter-3":{"title":"price","widget_style":"default","adoptions":false,"widget_display":{"display_select":"all","taxonomy-slugs":"","post-type":"","catid":"","postid":""}},"text-10":{"title":"","text":"[BestSale title=\"BEST SELLERS\" number=\"4\" template=\"default\" ]","filter":"content","widget_style":"default","adoptions":false,"widget_display":{"display_select":"all","taxonomy-slugs":"","post-type":"","catid":"","postid":""}}},"left-product-detail":{"woocommerce_product_categories-2":{"title":"Categories","orderby":"name","dropdown":0,"count":0,"hierarchical":0,"show_children_only":0,"hide_empty":0,"widget_style":"default","adoptions":false,"widget_display":{"display_select":"all","taxonomy-slugs":"","post-type":"","catid":"","postid":""}},"text-11":{"title":"","text":"[BestSale title=\"BEST SELLERS\" number=\"8\" template=\"default\" ]","filter":false,"widget_style":"default","adoptions":false,"widget_display":{"display_select":"all","taxonomy-slugs":"","post-type":"","catid":"","postid":""}}},"right-product-detail":{"woocommerce_product_categories-5":{"title":"Categories","orderby":"name","dropdown":0,"count":0,"hierarchical":0,"show_children_only":0,"hide_empty":0,"widget_style":"default","adoptions":false,"widget_display":{"display_select":"all","taxonomy-slugs":"","post-type":"","catid":"","postid":""}},"text-14":{"title":"","text":"[BestSale title=\"BEST SELLERS\" number=\"8\" template=\"default\" ]","filter":false,"widget_style":"default","adoptions":false,"widget_display":{"display_select":"all","taxonomy-slugs":"","post-type":"","catid":"","postid":""}}},"bottom-detail-product":{"sw_related_upsell_widget-4":{"title1":"","title_length":0,"description1":"","numberposts":5,"length":25,"columns":4,"columns1":3,"columns2":3,"columns3":2,"columns4":1,"interval":5000,"speed":1000,"scroll":1,"autoplay":"true","widget_template":"tab_reup","widget_style":"default","adoptions":false,"widget_display":{"display_select":"all","taxonomy-slugs":"","post-type":"","catid":"","postid":""}}},"filter-mobile":{"woocommerce_layered_nav-6":{"title":"Color","attribute":"color","display_type":"list","query_type":"and","widget_style":"default","adoptions":false,"widget_display":{"display_select":"all","taxonomy-slugs":"","post-type":"","catid":"","postid":""}},"woocommerce_layered_nav-7":{"title":"Size","attribute":"size","display_type":"list","query_type":"and","widget_style":"default","adoptions":false,"widget_display":{"display_select":"all","taxonomy-slugs":"","post-type":"","catid":"","postid":""}},"woocommerce_price_filter-4":{"title":"Price","widget_style":"default","adoptions":false,"widget_display":{"display_select":"all","taxonomy-slugs":"","post-type":"","catid":"","postid":""}}},"footer-copyright":{"nav_menu-11":{"nav_menu":159,"widget_style":"default","adoptions":false,"widget_display":{"display_select":"all","taxonomy-slugs":"","post-type":"","catid":"","postid":""}},"media_image-4":{"attachment_id":829,"url":"http:\/\/dev.ytcvn.com\/ytc_templates\/wordpress\/sw_revo\/wp-content\/uploads\/2016\/09\/paypel.png","title":"","size":"full","width":387,"height":22,"caption":"","alt":"","link_type":"none","link_url":"","image_classes":"","link_classes":"","link_rel":"","image_title":"","widget_style":"default","adoptions":false,"widget_display":{"display_select":"all","taxonomy-slugs":"","post-type":"","catid":"","postid":""},"link_target_blank":false}},"search":{"sw_ajax_woocommerce_search-6":{"title":"","show_title":"0","extra_class":"","width_image":"50","height_image":"50","limit":"5","character":"3","show_category":"1","show_image":"1","show_price":"1","search_type":"0","widget_template":"default","widget_style":"default","adoptions":false,"widget_display":{"display_select":"all","taxonomy-slugs":"","post-type":"","catid":"","postid":""}}}}